Abington,District Results
Abington,Abington High
Agawam,District Results
Agawam,Agawam High
Amesbury,District Results
Amesbury,Amesbury High
Amesbury,Amesbury Innovation High School
Andover,District Results
Andover,Andover High
Arlington,District Results
Arlington,Arlington High
Ashland,District Results
Ashland,Ashland High
Attleboro,District Results
Attleboro,Attleboro High
Attleboro,Attleboro Community Academy
Auburn,District Results
Auburn,Auburn Senior High
Avon,District Results
Avon,Avon Middle High School
Barnstable,District Results
Barnstable,Barnstable High
Bedford,District Results
Bedford,Bedford High
Belchertown,District Results
Belchertown,Belchertown High
Bellingham,District Results
Bellingham,Bellingham High School
Bellingham,Keough Memorial Academy
Belmont,District Results
Belmont,Belmont High
Beverly,District Results
Beverly,Beverly High
Billerica,District Results
Billerica,Billerica Memorial High School
Boston,District Results
Boston,Carter Developmental Center
Boston,Dearborn
Boston,William McKinley
Boston,Dr. William Henderson Upper
Boston,Brighton High
Boston,Boston International High School
Boston,Charlestown High
Boston,Community Academy
Boston,Excel High School
Boston,Jeremiah E Burke High
Boston,East Boston High
Boston,The English High
Boston,Madison Park High
Boston,Fenway High School
Boston,Another Course To College
Boston,New Mission High School
Boston,Greater Egleston Community High School
Boston,Boston Latin Academy
Boston,Boston Arts Academy
Boston,Boston Adult Academy
Boston,Margarita Muniz Academy
Boston,Boston Community Leadership Academy
Boston,Boston Latin
Boston,Quincy Upper School
Boston,O'Bryant School Math/Science
Boston,Urban Science Academy
Boston,Community Academy of Science and Health
Boston,Dorchester Academy
Boston,Lyon Upper 9-12
Boston,TechBoston Academy
Boston,West Roxbury Academy
Boston,Snowden International School at Copley
Boston,Horace Mann School for the Deaf
Boston,Boston Collaborative High School
Bourne,District Results
Bourne,Bourne High School
Braintree,District Results
Braintree,Braintree High
Brockton,District Results
Brockton,Frederick Douglass Academy
Brockton,Goddard Alternative School
Brockton,Brockton High
Brockton,Brockton Champion High School
Brockton,Edison Academy
Brookline,District Results
Brookline,Brookline High
Burlington,District Results
Burlington,Burlington High
Cambridge,District Results
Cambridge,Cambridge Rindge and Latin
Canton,District Results
Canton,Canton High
Carver,District Results
Carver,Carver Middle/High School
Chelmsford,District Results
Chelmsford,Chelmsford High
Chelsea,District Results
Chelsea,Chelsea High
Chicopee,District Results
Chicopee,Chicopee Academy
Chicopee,Chicopee High
Chicopee,Chicopee Comprehensive High School
Clinton,District Results
Clinton,Clinton Senior High
Cohasset,District Results
Cohasset,Cohasset Middle/High School
Danvers,District Results
Danvers,Danvers High
Dartmouth,District Results
Dartmouth,Dartmouth High
Dedham,District Results
Dedham,Dedham High
Douglas,District Results
Douglas,Douglas High School
Dracut,District Results
Dracut,Dracut Senior High
Duxbury,District Results
Duxbury,Duxbury High
East Bridgewater,District Results
East Bridgewater,East Bridgewater JR./SR. High School
Easthampton,District Results
Easthampton,Easthampton High
East Longmeadow,District Results
East Longmeadow,East Longmeadow High
Easton,District Results
Easton,Oliver Ames High
Everett,District Results
Everett,Devens School
Everett,Everett High
Fairhaven,District Results
Fairhaven,Fairhaven High
Fall River,District Results
Fall River,Resiliency Preparatory School
Fall River,Resiliency Middle School
Fall River,B M C Durfee High
Fall River,Fall River Gateway to College @ BCC
Falmouth,District Results
Falmouth,Falmouth High
Fitchburg,District Results
Fitchburg,Fitchburg High
Fitchburg,Goodrich Academy
Foxborough,District Results
Foxborough,Foxborough High
Framingham,District Results
Framingham,Framingham High School
Franklin,District Results
Franklin,Franklin High
Gardner,District Results
Gardner,Gardner High
Gardner,Gardner Academy for Learning and Technology
Georgetown,District Results
Georgetown,Georgetown High School
Gloucester,District Results
Gloucester,Gloucester High
Grafton,District Results
Grafton,Grafton High School
Granby,District Results
Granby,Granby Jr Sr High School
Greenfield,District Results
Greenfield,Greenfield High
Hadley,District Results
Hadley,Hopkins Academy
Hanover,District Results
Hanover,Hanover High
Harvard,District Results
Harvard,Bromfield
Hatfield,District Results
Hatfield,Smith Academy
Haverhill,District Results
Haverhill,Haverhill Alternative School
Haverhill,TEACH
Haverhill,Haverhill High
Hingham,District Results
Hingham,Hingham High
Holbrook,District Results
Holbrook,Holbrook Jr Sr High
Holliston,District Results
Holliston,Holliston High
Holyoke,District Results
Holyoke,Holyoke High
Holyoke,Wm J Dean Vocational Technical High
Hopedale,District Results
Hopedale,Hopedale Jr Sr High
Hopkinton,District Results
Hopkinton,Hopkinton High
Hudson,District Results
Hudson,Hudson High
Hull,District Results
Hull,Hull High
Ipswich,District Results
Ipswich,Ipswich High
Lawrence,District Results
Lawrence,Lawrence High School
Lawrence,High School Learning Center
Lawrence,School for Exceptional Studies
Lawrence,Phoenix Academy Lawrence
Lee,District Results
Lee,Lee Middle/High School
Leicester,District Results
Leicester,Leicester High
Lenox,District Results
Lenox,Lenox Memorial High
Leominster,District Results
Leominster,Leominster High School
Leominster,Leominster Center for Excellence
Leominster,Center For Technical Education Innovation
Lexington,District Results
Lexington,Lexington High
Littleton,District Results
Littleton,Littleton High School
Longmeadow,District Results
Longmeadow,Longmeadow High
Lowell,District Results
Lowell,Leblanc Therapeutic Day School
Lowell,Lowell High
Lowell,The Career Academy
Ludlow,District Results
Ludlow,Ludlow Senior High
Lunenburg,District Results
Lunenburg,Lunenburg High
Lynn,District Results
Lynn,Classical High
Lynn,Lynn English High
Lynn,Fecteau-Leary Junior/Senior High School
Lynn,Lynn Vocational Technical Institute
Lynnfield,District Results
Lynnfield,Lynnfield High
Malden,District Results
Malden,Malden High
Mansfield,District Results
Mansfield,Mansfield High
Marblehead,District Results
Marblehead,Marblehead High
Marlborough,District Results
Marlborough,Marlborough High
Marshfield,District Results
Marshfield,Marshfield High
Mashpee,District Results
Mashpee,Mashpee High
Maynard,District Results
Maynard,Maynard High
Medfield,District Results
Medfield,Medfield Senior High
Medford,District Results
Medford,Medford High
Medford,Curtis-Tufts
Medford,Medford Vocational Technical High
Medway,District Results
Medway,Medway High
Melrose,District Results
Melrose,Melrose High
Methuen,District Results
Methuen,Methuen High
Middleborough,District Results
Middleborough,Middleborough High
Milford,District Results
Milford,Milford High
Millbury,District Results
Millbury,Millbury Junior/Senior High
Millis,District Results
Millis,Millis High School
Milton,District Results
Milton,Milton High
Monson,District Results
Monson,Monson High School
Nantucket,District Results
Nantucket,Nantucket High
Natick,District Results
Natick,Natick High
Needham,District Results
Needham,Needham High
New Bedford,District Results
New Bedford,New Bedford High
New Bedford,Trinity Day Academy
New Bedford,Whaling City Junior/Senior High School
Newburyport,District Results
Newburyport,Newburyport High
Newton,District Results
Newton,Newton North High
Newton,Newton South High
North Adams,District Results
North Adams,Drury High
Northampton,District Results
Northampton,Northampton High
North Andover,District Results
North Andover,North Andover High
North Attleborough,District Results
North Attleborough,North Attleboro High
Northbridge,District Results
Northbridge,Northbridge High
North Brookfield,District Results
North Brookfield,North Brookfield High
North Reading,District Results
North Reading,North Reading High
Norton,District Results
Norton,Norton High
Norwell,District Results
Norwell,Norwell High
Norwood,District Results
Norwood,Norwood High
Oxford,District Results
Oxford,Project C.O.F.F.E.E.
Oxford,Oxford High
Palmer,District Results
Palmer,Palmer High
Peabody,District Results
Peabody,Peabody Veterans Memorial High
Pembroke,District Results
Pembroke,Pembroke High School
Pittsfield,District Results
Pittsfield,Pittsfield High
Pittsfield,Taconic High
Plymouth,District Results
Plymouth,Plymouth North High
Plymouth,Plymouth South High
Quincy,District Results
Quincy,Quincy High
Quincy,North Quincy High
Randolph,District Results
Randolph,Randolph High
Reading,District Results
Reading,Reading Memorial High
Revere,District Results
Revere,Revere High
Revere,Seacoast School
Rockland,District Results
Rockland,Rockland Senior High
Rockport,District Results
Rockport,Rockport High
Salem,District Results
Salem,Salem High
Salem,New Liberty Innovation School
Salem,Salem Prep High School
Sandwich,District Results
Sandwich,Sandwich High
Saugus,District Results
Saugus,Saugus High
Scituate,District Results
Scituate,Scituate High School
Seekonk,District Results
Seekonk,Seekonk High
Sharon,District Results
Sharon,Sharon High
Shrewsbury,District Results
Shrewsbury,Shrewsbury Sr High
Somerville,District Results
Somerville,Somerville High
Somerville,Full Circle High School
Southbridge,District Results
Southbridge,Southbridge High School
South Hadley,District Results
South Hadley,South Hadley High
Springfield,District Results
Springfield,The Springfield Renaissance School an Expeditionary Learning School
Springfield,John J Duggan Middle
Springfield,Conservatory of the Arts
Springfield,Springfield Central High
Springfield,High School Of Commerce
Springfield,Springfield High School of Science and Technology
Springfield,Springfield Public Day High School
Springfield,Liberty Preparatory Academy
Springfield,Springfield High School
Springfield,Gateway to College at Holyoke Community College
Springfield,Gateway to College at Springfield Technical Community College
Springfield,Roger L. Putnam Vocational Technical Academy
Stoneham,District Results
Stoneham,Stoneham High
Stoughton,District Results
Stoughton,Stoughton High
Sutton,District Results
Sutton,Sutton High School
Swampscott,District Results
Swampscott,Swampscott High
Swansea,District Results
Swansea,Joseph Case High
Taunton,District Results
Taunton,Taunton High
Taunton,Taunton Alternative High School
Tewksbury,District Results
Tewksbury,Tewksbury Memorial High
Tyngsborough,District Results
Tyngsborough,Tyngsborough High School
Uxbridge,District Results
Uxbridge,Uxbridge High
Uxbridge,Gateway to College
Wakefield,District Results
Wakefield,Wakefield Memorial High
Walpole,District Results
Walpole,Walpole High
Waltham,District Results
Waltham,Waltham Sr High
Ware,District Results
Ware,Ware Junior/Senior High School
Wareham,District Results
Wareham,Wareham Cooperative Alternative School
Wareham,Wareham Senior High
Watertown,District Results
Watertown,Watertown High
Wayland,District Results
Wayland,Wayland High School
Webster,District Results
Webster,Bartlett High School
Wellesley,District Results
Wellesley,Wellesley Sr High
Westborough,District Results
Westborough,Westborough High
West Boylston,District Results
West Boylston,West Boylston Junior/Senior High
West Bridgewater,District Results
West Bridgewater,West Bridgewater Junior/Senior
Westfield,District Results
Westfield,Westfield High
Westfield,Westfield Technical Academy
Westford,District Results
Westford,Westford Academy
Weston,District Results
Weston,Weston High
Westport,District Results
Westport,Westport Junior/Senior High School
West Springfield,District Results
West Springfield,West Springfield High
West Springfield,21st Century Skills Academy
Westwood,District Results
Westwood,Westwood High
Weymouth,District Results
Weymouth,Weymouth High School
Wilmington,District Results
Wilmington,Wilmington High
Winchendon,District Results
Winchendon,Murdock Academy for Success
Winchendon,Murdock High School
Winchester,District Results
Winchester,Winchester High School
Winthrop,District Results
Winthrop,Winthrop High School
Woburn,District Results
Woburn,Woburn High
Worcester,District Results
Worcester,University Pk Campus School
Worcester,Claremont Academy
Worcester,Burncoat Senior High
Worcester,Doherty Memorial High
Worcester,North High
Worcester,South High Community
Worcester,Worcester Technical High
Northampton-Smith Vocational Agricultural,District Results
Northampton-Smith Vocational Agricultural,Smith Vocational and Agricultural High
Excel Academy Charter (District),District Results
Excel Academy Charter (District),Excel Academy Charter School
Boston Green Academy Horace Mann Charter School (District),District Results
Boston Green Academy Horace Mann Charter School (District),Boston Green Academy Horace Mann Charter School
Academy Of the Pacific Rim Charter Public (District),District Results
Academy Of the Pacific Rim Charter Public (District),Academy Of the Pacific Rim Charter Public School
Four Rivers Charter Public (District),District Results
Four Rivers Charter Public (District),Four Rivers Charter Public School
Berkshire Arts and Technology Charter Public (District),District Results
Berkshire Arts and Technology Charter Public (District),Berkshire Arts and Technology Charter Public School
Boston Preparatory Charter Public (District),District Results
Boston Preparatory Charter Public (District),Boston Preparatory Charter Public School
Boston Day and Evening Academy Charter (District),District Results
Boston Day and Evening Academy Charter (District),Boston Day and Evening Academy Charter School
Brooke Charter School (District),District Results
Brooke Charter School (District),Brooke Charter School
KIPP Academy Lynn Charter (District),District Results
KIPP Academy Lynn Charter (District),KIPP Academy Lynn Charter School
Advanced Math and Science Academy Charter (District),District Results
Advanced Math and Science Academy Charter (District),Advanced Math and Science Academy Charter School
Innovation Academy Charter (District),District Results
Innovation Academy Charter (District),Innovation Academy Charter School
Community Charter School of Cambridge (District),District Results
Community Charter School of Cambridge (District),Community Charter School of Cambridge
City on a Hill Charter Public School Circuit Street (District),District Results
City on a Hill Charter Public School Circuit Street (District),City on a Hill Charter Public School Circuit Street
Codman Academy Charter Public (District),District Results
Codman Academy Charter Public (District),Codman Academy Charter Public School
Sabis International Charter (District),District Results
Sabis International Charter (District),Sabis International Charter School
Abby Kelley Foster Charter Public (District),District Results
Abby Kelley Foster Charter Public (District),Abby Kelley Foster Charter Public School
Foxborough Regional Charter (District),District Results
Foxborough Regional Charter (District),Foxborough Regional Charter School
Boston Collegiate Charter (District),District Results
Boston Collegiate Charter (District),Boston Collegiate Charter School
Edward M. Kennedy Academy for Health Careers (Horace Mann Charter) (District),District Results
Edward M. Kennedy Academy for Health Careers (Horace Mann Charter) (District),Edward M. Kennedy Academy for Health Careers (Horace Mann Charter School)
Lowell Middlesex Academy Charter (District),District Results
Lowell Middlesex Academy Charter (District),Lowell Middlesex Academy Charter School
Martha\'s Vineyard Charter (District),Martha's Vineyard Charter School
Ma Academy for Math and Science,District Results
Ma Academy for Math and Science,Ma Academy for Math and Science School
MATCH Charter Public School (District),District Results
MATCH Charter Public School (District),MATCH Charter Public School
Mystic Valley Regional Charter (District),District Results
Mystic Valley Regional Charter (District),Mystic Valley Regional Charter School
Sizer School: A North Central Charter Essential (District),District Results
Sizer School: A North Central Charter Essential (District),A North Central Charter Essential (District): Sizer School: A North Central Charter Essential School
Francis W. Parker Charter Essential (District),District Results
Francis W. Parker Charter Essential (District),Francis W. Parker Charter Essential School
Pioneer Valley Performing Arts Charter Public (District),District Results
Pioneer Valley Performing Arts Charter Public (District),Pioneer Valley Performing Arts Charter Public School
Rising Tide Charter Public (District),District Results
Rising Tide Charter Public (District),Rising Tide Charter Public School
Roxbury Preparatory Charter (District),District Results
Roxbury Preparatory Charter (District),Roxbury Preparatory Charter School
Salem Academy Charter (District),District Results
Salem Academy Charter (District),Salem Academy Charter School
Prospect Hill Academy Charter (District),District Results
Prospect Hill Academy Charter (District),Prospect Hill Academy Charter School
South Shore Charter Public (District),District Results
South Shore Charter Public (District),South Shore Charter Public School
Sturgis Charter Public (District),District Results
Sturgis Charter Public (District),Sturgis Charter Public School
Atlantis Charter (District),District Results
Atlantis Charter (District),Atlantis Charter School
Phoenix Charter Academy (District),District Results
Phoenix Charter Academy (District),Phoenix Charter Academy
Pioneer Charter School of Science (District),District Results
Pioneer Charter School of Science (District),Pioneer Charter School of Science
Global Learning Charter Public (District),District Results
Global Learning Charter Public (District),Global Learning Charter Public School
Pioneer Valley Chinese Immersion Charter (District),District Results
Pioneer Valley Chinese Immersion Charter (District),Pioneer Valley Chinese Immersion Charter School
Hampden Charter School of Science (District),District Results
Hampden Charter School of Science (District),Hampden Charter School of Science
Acton-Boxborough,District Results
Acton-Boxborough,Acton-Boxborough Regional High
Adams-Cheshire,District Results
Adams-Cheshire,Hoosac Valley Middle & High School
Amherst-Pelham,District Results
Amherst-Pelham,Amherst Regional High
Ashburnham-Westminster,District Results
Ashburnham-Westminster,Oakmont Regional High School
Athol-Royalston,District Results
Athol-Royalston,Athol High
Ayer Shirley School District,District Results
Ayer Shirley School District,Ayer Shirley Regional High School
Berkshire Hills,District Results
Berkshire Hills,Monument Mt Regional High
Berlin-Boylston,District Results
Berlin-Boylston,Tahanto Regional High
Blackstone-Millville,District Results
Blackstone-Millville,Blackstone Millville RHS
Bridgewater-Raynham,District Results
Bridgewater-Raynham,Therapeutic Day School
Bridgewater-Raynham,Bridgewater-Raynham Regional
Central Berkshire,District Results
Central Berkshire,Wahconah Regional High
Concord-Carlisle,District Results
Concord-Carlisle,Concord Carlisle High
Dennis-Yarmouth,District Results
Dennis-Yarmouth,Dennis-Yarmouth Regional High
Dighton-Rehoboth,District Results
Dighton-Rehoboth,Dighton-Rehoboth Regional High School
Dover-Sherborn,District Results
Dover-Sherborn,Dover-Sherborn Regional High
Dudley-Charlton Reg,District Results
Dudley-Charlton Reg,Shepherd Hill Regional High
Nauset,District Results
Nauset,Nauset Regional High
Freetown-Lakeville,District Results
Freetown-Lakeville,Apponequet Regional High
Frontier,District Results
Frontier,Frontier Regional
Gateway,District Results
Gateway,Gateway Regional High
Groton-Dunstable,District Results
Groton-Dunstable,Groton Dunstable Regional
Gill-Montague,District Results
Gill-Montague,Turners Fall High
Hamilton-Wenham,District Results
Hamilton-Wenham,Hamilton-Wenham Regional High
Hampden-Wilbraham,District Results
Hampden-Wilbraham,Minnechaug Regional High
Hampshire,District Results
Hampshire,Hampshire Regional High
King Philip,District Results
King Philip,King Philip Regional High
Lincoln-Sudbury,District Results
Lincoln-Sudbury,Lincoln-Sudbury Regional High
Manchester Essex Regional,District Results
Manchester Essex Regional,Manchester Essex Regional High School
Martha\'s Vineyard,Martha's Vineyard Regional High
Masconomet,District Results
Masconomet,Masconomet Regional High School
Mendon-Upton,District Results
Mendon-Upton,Nipmuc Regional High
Monomoy Regional School District,District Results
Monomoy Regional School District,Monomoy Regional High School
Mount Greylock,District Results
Mount Greylock,Mt Greylock Regional High
Mohawk Trail,District Results
Mohawk Trail,Mohawk Trail Regional High
Narragansett,District Results
Narragansett,Narragansett Regional High
Nashoba,District Results
Nashoba,Nashoba Regional
Northboro-Southboro,District Results
Northboro-Southboro,Algonquin Regional High
North Middlesex,District Results
North Middlesex,North Middlesex Regional
Old Rochester,District Results
Old Rochester,Old Rochester Regional High
Pentucket,District Results
Pentucket,Pentucket Regional Sr High
Pioneer Valley,District Results
Pioneer Valley,Pioneer Valley Regional
Quabbin,District Results
Quabbin,Quabbin Regional High School
Quabbin,IB School of Quabbin
Ralph C Mahar,District Results
Ralph C Mahar,Ralph C Mahar Regional
Ralph C Mahar,Pathways Early College Innovation School
Ralph C Mahar,The Gateway to College
Silver Lake,District Results
Silver Lake,Silver Lake Regional High
Somerset Berkley Regional School District,District Results
Somerset Berkley Regional School District,Somerset Berkley Regional High School
Southern Berkshire,District Results
Southern Berkshire,Mt Everett Regional
Southwick-Tolland-Granville Regional School District,District Results
Southwick-Tolland-Granville Regional School District,Southwick Regional School
Spencer-E Brookfield,District Results
Spencer-E Brookfield,David Prouty High
Tantasqua,District Results
Tantasqua,Tantasqua Regional Sr High
Tantasqua,Tantasqua Regional Vocational
Triton,District Results
Triton,Triton Regional High School
Wachusett,District Results
Wachusett,Wachusett Regional High
Quaboag Regional,District Results
Quaboag Regional,Quaboag Regional High
Whitman-Hanson,District Results
Whitman-Hanson,Whitman Hanson Regional
Assabet Valley Regional Vocational Technical,District Results
Assabet Valley Regional Vocational Technical,Assabet Valley Vocational High School
Blackstone Valley Regional Vocational Technical,District Results
Blackstone Valley Regional Vocational Technical,Blackstone Valley
Blue Hills Regional Vocational Technical,District Results
Blue Hills Regional Vocational Technical,Blue Hills Regional Vocational Technical
Bristol-Plymouth Regional Vocational Technical,District Results
Bristol-Plymouth Regional Vocational Technical,Bristol-Plymouth Vocational Technical
Cape Cod Regional Vocational Technical,District Results
Cape Cod Regional Vocational Technical,Cape Cod Region Vocational Technical
Essex North Shore Agricultural and Technical School District,District Results
Essex North Shore Agricultural and Technical School District,Essex Technical High School
Franklin County Regional Vocational Technical,District Results
Franklin County Regional Vocational Technical,Franklin County Technical
Greater Fall River Regional Vocational Technical,District Results
Greater Fall River Regional Vocational Technical,Diman Regional Vocational Technical High
Greater Lawrence Regional Vocational Technical,District Results
Greater Lawrence Regional Vocational Technical,Gr Lawrence Regional Vocational Technical
Greater New Bedford Regional Vocational Technical,District Results
Greater New Bedford Regional Vocational Technical,Gr New Bedford Vocational Technical
Greater Lowell Regional Vocational Technical,District Results
Greater Lowell Regional Vocational Technical,Gr Lowell Regional Vocational Technical
South Middlesex Regional Vocational Technical,District Results
South Middlesex Regional Vocational Technical,Joseph P Keefe Technical High School
Minuteman Regional Vocational Technical,District Results
Minuteman Regional Vocational Technical,Minuteman Regional High
Montachusett Regional Vocational Technical,District Results
Montachusett Regional Vocational Technical,Montachusett Regional Vocational Technical
Northern Berkshire Regional Vocational Technical,District Results
Northern Berkshire Regional Vocational Technical,Charles McCann Vocational Technical
Nashoba Valley Regional Vocational Technical,District Results
Nashoba Valley Regional Vocational Technical,Nashoba Valley Technical High School
Northeast Metropolitan Regional Vocational Technical,District Results
Northeast Metropolitan Regional Vocational Technical,Northeast Metro Regional Vocational
Old Colony Regional Vocational Technical,District Results
Old Colony Regional Vocational Technical,Old Colony Regional Vocational Technical
Pathfinder Regional Vocational Technical,District Results
Pathfinder Regional Vocational Technical,Pathfinder Vocational Technical
Shawsheen Valley Regional Vocational Technical,District Results
Shawsheen Valley Regional Vocational Technical,Shawsheen Valley Vocational Technical High School
Southeastern Regional Vocational Technical,District Results
Southeastern Regional Vocational Technical,Southeastern Regional Vocational Technical
South Shore Regional Vocational Technical,District Results
South Shore Regional Vocational Technical,So Shore Vocational Technical High
Southern Worcester County Regional Vocational Technical,District Results
Southern Worcester County Regional Vocational Technical,Bay Path Regional Vocational Technical High School
Tri-County Regional Vocational Technical,District Results
Tri-County Regional Vocational Technical,Tri-County Regional Vocational Technical
Upper Cape Cod Regional Vocational Technical,District Results
Upper Cape Cod Regional Vocational Technical,Upper Cape Cod Vocational Technical
Whittier Regional Vocational Technical,District Results
Whittier Regional Vocational Technical,Whittier Regional Vocational
Bristol County Agricultural,District Results
Bristol County Agricultural,Bristol County Agricultural High
Norfolk County Agricultural,District Results
Norfolk County Agricultural,Norfolk County Agricultural
Paulo Freire Social Justice Charter School (District),District Results
Paulo Freire Social Justice Charter School (District),Paulo Freire Social Justice Charter School
Baystate Academy Charter Public School (District),District Results
Baystate Academy Charter Public School (District),Baystate Academy Charter Public School
City on a Hill Charter Public School Dudley Square (District),District Results
City on a Hill Charter Public School Dudley Square (District),City on a Hill Charter Public School Dudley Square
Pioneer Charter School of Science II (PCSS-II) (District),District Results
Pioneer Charter School of Science II (PCSS-II) (District),Pioneer Charter School of Science II (PCSS-II)
City on a Hill Charter Public School New Bedford (District),District Results
City on a Hill Charter Public School New Bedford (District),City on a Hill Charter Public School New Bedford
Phoenix Academy Public Charter High School Springfield (District),District Results
Phoenix Academy Public Charter High School Springfield (District),Phoenix Academy Public Charter High School Springfield
Massachusetts Virtual Academy at Greenfield Commonwealth Virtual District,District Results
Massachusetts Virtual Academy at Greenfield Commonwealth Virtual District,Massachusetts Virtual Academy at Greenfield Commonwealth Virtual School
TEC Connections Academy Commonwealth Virtual School District,District Results
TEC Connections Academy Commonwealth Virtual School District,TEC Connections Academy Commonwealth Virtual School